,id,date_added,uri,track_href,name,artist,country,type,tempo,duration_ms,time_signature,key,mode,danceability,energy,loudness,liveness,valence,speechiness,acousticness,instrumentalness
0,15,2024-02-29 00:00:00.939563,5eY7692tmgHB9dbmq6wa2M,https://api.spotify.com/v1/tracks/5eY7692tmgHB9dbmq6wa2M,晴る,ヨルシカ,Japan,audio_features,101.955,270705,4,11,0,0.695,0.571,-6.249,0.118,0.726,0.111,0.032,3.58e-06
1,17,2024-02-29 00:00:00.939563,1JrxwbZ9u0VNwemdcJwZNi,https://api.spotify.com/v1/tracks/1JrxwbZ9u0VNwemdcJwZNi,SOULSOUP,OFFICIAL HIGE DANDISM,Japan,audio_features,144.046,314469,4,11,0,0.507,0.939,-4.299,0.279,0.618,0.0882,0.00104,0.0
2,6,2024-02-02 12:50:27.538442,1rDgAHDX95RmylxjgVW9tN,https://api.spotify.com/v1/tracks/1rDgAHDX95RmylxjgVW9tN,Show,Ado,Japan,audio_features,132.054,189773,4,10,0,0.616,0.975,-0.425,0.143,0.742,0.208,0.172,1.62e-06
3,29,2024-02-29 00:00:00.939563,2vOAHp8PBBFYqvQUWSoITY,https://api.spotify.com/v1/tracks/2vOAHp8PBBFYqvQUWSoITY,インフェルノ,Mrs. GREEN APPLE,Japan,audio_features,92.504,211600,4,4,1,0.533,0.918,-2.095,0.643,0.662,0.0616,0.00894,0.0
4,4,2024-02-29 00:00:00.939563,1hAloWiinXLPQUJxrJReb1,https://api.spotify.com/v1/tracks/1hAloWiinXLPQUJxrJReb1,アイドル,YOASOBI,Japan,audio_features,165.783,211733,4,10,0,0.457,0.941,-2.692,0.437,0.876,0.0917,0.105,1.38e-06
5,20,2024-02-29 00:00:00.939563,3jNwPOqdPvQIr5dRT0hzgY,https://api.spotify.com/v1/tracks/3jNwPOqdPvQIr5dRT0hzgY,タイムパラドックス,Vaundy,Japan,audio_features,82.05,226558,4,2,1,0.829,0.514,-5.333,0.231,0.757,0.0531,0.439,1.45e-06
6,19,2024-02-29 00:00:00.939563,3zbKiko8V3u2yn1RcT8xBZ,https://api.spotify.com/v1/tracks/3zbKiko8V3u2yn1RcT8xBZ,青のすみか,Tatsuya Kitani,Japan,audio_features,152.034,196640,4,1,1,0.483,0.893,-4.842,0.297,0.651,0.205,0.0144,0.0
7,7,2024-02-29 00:00:00.939563,5LkmpgQYtwHtuvASgnLBe1,https://api.spotify.com/v1/tracks/5LkmpgQYtwHtuvASgnLBe1,ダンスホール,Mrs. GREEN APPLE,Japan,audio_features,109.976,203150,4,7,1,0.736,0.695,-3.87,0.0517,0.784,0.0468,0.0209,0.0
8,21,2024-02-29 00:00:00.939563,18mkDTCwDfZyTJNYieHxhQ,https://api.spotify.com/v1/tracks/18mkDTCwDfZyTJNYieHxhQ,GOAT,Number_i,Japan,audio_features,179.929,157200,4,9,1,0.665,0.903,-2.846,0.185,0.726,0.313,0.0299,2.01e-06
9,9,2024-02-29 00:00:00.939563,3gQ19Wo6CbBpdHYmt2GVt0,https://api.spotify.com/v1/tracks/3gQ19Wo6CbBpdHYmt2GVt0,Kaiju no Hanauta,Vaundy,Japan,audio_features,75.093,224805,4,2,1,0.335,0.943,-3.176,0.324,0.64,0.067,0.00334,0.0
10,35,2024-02-29 00:00:00.939563,2hXPmiqKdXcbV0L1VKnTDN,https://api.spotify.com/v1/tracks/2hXPmiqKdXcbV0L1VKnTDN,最高到達点,SEKAI NO OWARI,Japan,audio_features,132.002,227469,4,6,1,0.647,0.959,-3.835,0.0683,0.807,0.0477,0.0737,0.0
11,11,2024-02-29 00:00:00.939563,170XOP1T4MvY9TLTgPw07D,https://api.spotify.com/v1/tracks/170XOP1T4MvY9TLTgPw07D,Magic,Mrs. GREEN APPLE,Japan,audio_features,117.51,263107,4,7,1,0.671,0.758,-3.793,0.332,0.537,0.0474,0.0604,0.0
12,14,2024-02-29 00:00:00.939563,74X2u8JMVooG2QbjRxXwR8,https://api.spotify.com/v1/tracks/74X2u8JMVooG2QbjRxXwR8,Perfect Night,LE SSERAFIM,Japan,audio_features,136.054,159080,4,5,1,0.697,0.82,-4.502,0.0631,0.502,0.0308,0.1,0.0
13,13,2024-02-29 00:00:00.939563,3YML5IHoqWbw9c9vJJvrvM,https://api.spotify.com/v1/tracks/3YML5IHoqWbw9c9vJJvrvM,Soranji,Mrs. GREEN APPLE,Japan,audio_features,155.89,343253,4,5,1,0.48,0.669,-5.168,0.149,0.378,0.0431,0.0693,0.0
14,12,2024-02-29 00:00:00.939563,2HRgqmZQC0MC7GeNuDIXHN,https://api.spotify.com/v1/tracks/2HRgqmZQC0MC7GeNuDIXHN,Seven (feat. Latto) (Explicit Ver.),Jung Kook,Japan,audio_features,124.987,183551,4,11,1,0.79,0.831,-4.185,0.0797,0.872,0.044,0.312,0.0
15,28,2024-02-29 00:00:00.939563,7M0dIdZWN1FDcveRdoOzbZ,https://api.spotify.com/v1/tracks/7M0dIdZWN1FDcveRdoOzbZ,ビリミリオン,Yuuri,Japan,audio_features,93.792,228760,3,10,1,0.364,0.628,-6.142,0.0931,0.612,0.0319,0.238,0.0
16,5,2024-02-29 00:00:00.939563,0teqQ0PYqVDyyXJuPOyMhu,https://api.spotify.com/v1/tracks/0teqQ0PYqVDyyXJuPOyMhu,ケセラセラ,Mrs. GREEN APPLE,Japan,audio_features,115.004,272227,4,6,0,0.756,0.578,-4.575,0.0534,0.677,0.0327,0.0306,0.0
17,8,2024-02-29 00:00:00.939563,0GWNtMohuYUEHVZ40tcnHF,https://api.spotify.com/v1/tracks/0GWNtMohuYUEHVZ40tcnHF,SPECIALZ,King Gnu,Japan,audio_features,117.048,238987,4,6,0,0.566,0.85,-4.431,0.319,0.722,0.0599,0.0663,0.0
18,36,2024-02-21 00:00:00.877991,7dPdKXZjt04R6Ne7vWXZIh,https://api.spotify.com/v1/tracks/7dPdKXZjt04R6Ne7vWXZIh,Love Song,マルシィ,Japan,audio_features,77.963,258307,4,1,1,0.559,0.601,-6.51,0.0733,0.545,0.028,0.295,0.0
19,31,2024-02-29 00:00:00.939563,1H3qOzheTPhE7aVvJOWfvA,https://api.spotify.com/v1/tracks/1H3qOzheTPhE7aVvJOWfvA,美しい鰭,SPITZ,Japan,audio_features,98.047,211920,4,1,1,0.545,0.913,-3.565,0.245,0.747,0.0298,0.0107,0.00029
20,33,2024-02-29 00:00:00.939563,4KiY8v1cM2S8BS8ob2IGVg,https://api.spotify.com/v1/tracks/4KiY8v1cM2S8BS8ob2IGVg,Any angle,乃紫,Japan,audio_features,175.846,127926,4,11,0,0.467,0.933,-4.133,0.121,0.854,0.249,0.15,0.0
21,22,2024-02-29 00:00:00.939563,2EmkTBTh964LQen4Vz0svg,https://api.spotify.com/v1/tracks/2EmkTBTh964LQen4Vz0svg,花になって - Be a flower,Ryokuoushoku Shakai,Japan,audio_features,96.047,199333,3,10,0,0.569,0.953,-2.018,0.071,0.477,0.109,0.166,5.78e-06
22,27,2024-02-29 00:00:00.939563,3wJHCry960drNlAUGrJLmz,https://api.spotify.com/v1/tracks/3wJHCry960drNlAUGrJLmz,ただ君に晴れ,ヨルシカ,Japan,audio_features,139.996,198971,4,5,1,0.679,0.834,-3.223,0.119,0.962,0.032,0.343,5.74e-06
23,16,2024-02-29 00:00:00.939563,0YTM7bCx451c6LQbkddy4Q,https://api.spotify.com/v1/tracks/0YTM7bCx451c6LQbkddy4Q,勇者,YOASOBI,Japan,audio_features,103.968,194267,4,5,1,0.655,0.907,-3.868,0.15,0.506,0.0488,0.0351,1.37e-05
24,25,2024-02-29 00:00:00.939563,7Md0Rk4s9khBtVpSD03bWl,https://api.spotify.com/v1/tracks/7Md0Rk4s9khBtVpSD03bWl,点描の唄,Mrs. GREEN APPLE,Japan,audio_features,76.055,307120,4,0,1,0.53,0.628,-4.641,0.0963,0.297,0.0253,0.447,0.0
25,23,2024-02-29 00:00:00.939563,77mI5OSGIIPKxHXBkHOySy,https://api.spotify.com/v1/tracks/77mI5OSGIIPKxHXBkHOySy,rendez-vous,shy taupe,Japan,audio_features,146.039,238507,4,2,1,0.562,0.596,-5.419,0.214,0.295,0.0292,0.127,0.0
26,26,2024-02-29 00:00:00.939563,5BC6kr6etk2Y9J62AyI4i3,https://api.spotify.com/v1/tracks/5BC6kr6etk2Y9J62AyI4i3,青と夏,Mrs. GREEN APPLE,Japan,audio_features,184.886,270027,4,4,1,0.31,0.891,-1.66,0.284,0.748,0.0469,0.00157,0.0
27,24,2024-02-29 00:00:00.939563,4zrKPIygugUDKGFEjVwpSB,https://api.spotify.com/v1/tracks/4zrKPIygugUDKGFEjVwpSB,Subtitle,OFFICIAL HIGE DANDISM,Japan,audio_features,130.0,305509,4,6,1,0.649,0.683,-6.49,0.118,0.381,0.0424,0.0313,0.0
28,30,2024-02-29 00:00:00.939563,2kXER8pkjxDVQnlagpVJJw,https://api.spotify.com/v1/tracks/2kXER8pkjxDVQnlagpVJJw,more than words,Hitsujibungaku,Japan,audio_features,130.059,289173,4,6,1,0.566,0.796,-5.058,0.228,0.599,0.031,0.000193,0.00019
29,18,2024-02-29 00:00:00.939563,02tNuntKQsoou5T4O8meyh,https://api.spotify.com/v1/tracks/02tNuntKQsoou5T4O8meyh,Hana,Fujii Kaze,Japan,audio_features,123.031,246700,4,5,0,0.769,0.716,-8.203,0.158,0.66,0.0429,0.118,0.00659
30,34,2024-02-29 00:00:00.939563,2jdbZGFp8KVTuk0YxDNL4l,https://api.spotify.com/v1/tracks/2jdbZGFp8KVTuk0YxDNL4l,高嶺の花子さん,back number,Japan,audio_features,137.977,294813,4,9,1,0.54,0.923,-2.838,0.124,0.343,0.0623,0.066,0.0
31,10,2024-02-29 00:00:00.939563,6nIoYpfSvie3Ln46dyi8FC,https://api.spotify.com/v1/tracks/6nIoYpfSvie3Ln46dyi8FC,冬と春,back number,Japan,audio_features,152.105,256787,4,3,1,0.47,0.768,-4.039,0.352,0.522,0.0403,0.0407,0.0
32,2,2024-02-29 00:00:00.939563,2cxcqKwQtfKq7giphxjzOu,https://api.spotify.com/v1/tracks/2cxcqKwQtfKq7giphxjzOu,晩餐歌,tuki.,Japan,audio_features,102.983,215853,4,8,1,0.649,0.641,-4.665,0.11,0.63,0.0251,0.433,0.0
33,32,2024-02-29 00:00:00.939563,3RvdkNMcSy71m0aT6UF9Uf,https://api.spotify.com/v1/tracks/3RvdkNMcSy71m0aT6UF9Uf,水平線,back number,Japan,audio_features,145.816,288013,4,10,1,0.424,0.761,-3.526,0.145,0.424,0.0305,0.0103,0.0
34,46,2024-02-02 12:50:27.538442,4kPlQKwtPrnqLgrmmKFSlA,https://api.spotify.com/v1/tracks/4kPlQKwtPrnqLgrmmKFSlA,ドライフラワー,Yuuri,Japan,audio_features,148.089,286360,4,7,1,0.463,0.603,-5.464,0.167,0.477,0.0276,0.495,0.0
35,50,2024-02-02 12:50:27.538442,5NqGfELjcdvRIUuhgZJ34W,https://api.spotify.com/v1/tracks/5NqGfELjcdvRIUuhgZJ34W,Marigold,Aimyon,Japan,audio_features,106.094,306627,4,2,1,0.545,0.745,-3.098,0.0907,0.413,0.0286,0.0452,0.0
36,62,2024-02-29 00:00:00.939563,1BxfuPKGuaTgP7aM0Bbdwr,https://api.spotify.com/v1/tracks/1BxfuPKGuaTgP7aM0Bbdwr,Cruel Summer,Taylor Swift,USA,audio_features,169.994,178427,4,9,1,0.552,0.702,-5.707,0.105,0.564,0.157,0.117,2.06e-05
37,64,2024-02-19 00:08:48.526464,6XaJfhwof7qIgbbXO5tIQI,https://api.spotify.com/v1/tracks/6XaJfhwof7qIgbbXO5tIQI,Igual Que Un Ángel (with Peso Pluma),Kali Uchis,USA,audio_features,107.999,260371,4,5,0,0.685,0.61,-5.36,0.183,0.464,0.0343,0.00348,0.00054
38,43,2024-02-29 00:00:00.939563,4JK1kDUdH9RTBQrrSO1QfR,https://api.spotify.com/v1/tracks/4JK1kDUdH9RTBQrrSO1QfR,ベテルギウス,Yuuri,Japan,audio_features,179.833,230600,4,5,1,0.367,0.671,-4.604,0.494,0.691,0.0478,0.222,0.0
39,41,2024-02-29 00:00:00.939563,5W7Y92LB4jWvu9NeEQ0GZl,https://api.spotify.com/v1/tracks/5W7Y92LB4jWvu9NeEQ0GZl,なんでもないよ、,Macaroni Empitsu,Japan,audio_features,171.845,219253,4,4,1,0.598,0.511,-6.015,0.0732,0.652,0.0423,0.245,0.0
40,39,2024-02-29 00:00:00.939563,3QIAwtEEDOrv0g5NKCGrXZ,https://api.spotify.com/v1/tracks/3QIAwtEEDOrv0g5NKCGrXZ,花束,back number,Japan,audio_features,159.963,286053,4,2,1,0.519,0.713,-3.612,0.353,0.505,0.0324,0.0178,0.0
41,53,2024-02-29 00:00:00.939563,52eIcoLUM25zbQupAZYoFh,https://api.spotify.com/v1/tracks/52eIcoLUM25zbQupAZYoFh,redrum,21 Savage,USA,audio_features,172.089,270698,4,2,1,0.624,0.74,-8.445,0.5,0.246,0.0481,0.00529,0.000224
42,45,2024-02-29 00:00:00.939563,3r8RuvgbX9s7ammBn07D3W,https://api.spotify.com/v1/tracks/3r8RuvgbX9s7ammBn07D3W,Ditto,NewJeans,Japan,audio_features,133.854,185507,4,6,0,0.814,0.641,-5.957,0.0993,0.183,0.111,0.027,0.0
43,38,2024-02-29 00:00:00.939563,3cBghvTcQNDNkW98Y4eGaP,https://api.spotify.com/v1/tracks/3cBghvTcQNDNkW98Y4eGaP,W / X / Y,Tani Yuuki,Japan,audio_features,106.382,278119,3,2,1,0.628,0.775,-4.479,0.33,0.674,0.0535,0.159,0.0
44,54,2024-02-29 00:00:00.939563,0mflMxspEfB0VbI1kyLiAv,https://api.spotify.com/v1/tracks/0mflMxspEfB0VbI1kyLiAv,Stick Season,Noah Kahan,USA,audio_features,117.913,182347,4,9,1,0.662,0.488,-6.894,0.102,0.817,0.0682,0.782,0.0
45,49,2024-02-29 00:00:00.939563,65FftemJ1DbbZ45DUfHJXE,https://api.spotify.com/v1/tracks/65FftemJ1DbbZ45DUfHJXE,OMG,NewJeans,Japan,audio_features,126.956,212253,4,9,0,0.804,0.771,-4.067,0.108,0.739,0.0433,0.357,3.07e-06
46,2576,2024-02-29 00:00:00.939563,1BxfuPKGuaTgP7aM0Bbdwr,https://api.spotify.com/v1/tracks/1BxfuPKGuaTgP7aM0Bbdwr,Cruel Summer,Taylor Swift,Japan,audio_features,169.994,178427,4,9,1,0.552,0.702,-5.707,0.105,0.564,0.157,0.117,2.06e-05
47,66,2024-02-29 00:00:00.939563,3WMj8moIAXJhHsyLaqIIHI,https://api.spotify.com/v1/tracks/3WMj8moIAXJhHsyLaqIIHI,Something in the Orange,Zach Bryan,USA,audio_features,175.212,228013,3,4,0,0.369,0.192,-12.151,0.0954,0.148,0.04,0.555,8.35e-06
48,61,2024-02-29 00:00:00.939563,17phhZDn6oGtzMe56NuWvj,https://api.spotify.com/v1/tracks/17phhZDn6oGtzMe56NuWvj,Lose Control,Teddy Swims,USA,audio_features,159.92,210689,3,9,1,0.561,0.604,-4.409,0.104,0.242,0.0337,0.199,1.9e-05
49,55,2024-02-29 00:00:00.939563,4KULAymBBJcPRpk1yO4dOG,https://api.spotify.com/v1/tracks/4KULAymBBJcPRpk1yO4dOG,I Remember Everything (feat. Kacey Musgraves),Zach Bryan,USA,audio_features,77.639,227196,4,0,1,0.429,0.453,-7.746,0.102,0.155,0.0459,0.554,2e-06
50,42,2024-02-19 00:08:48.526464,0J0P8iSE6l3pYHbUdNFYdS,https://api.spotify.com/v1/tracks/0J0P8iSE6l3pYHbUdNFYdS,カメレオン,King Gnu,Japan,audio_features,79.953,193990,4,0,1,0.628,0.533,-7.235,0.0733,0.459,0.0417,0.643,0.0
51,51,2024-02-13 04:21:09.093594,79AHPJd8upvNxyK2qQcY8J,https://api.spotify.com/v1/tracks/79AHPJd8upvNxyK2qQcY8J,HISS,Megan Thee Stallion,USA,audio_features,167.137,192819,4,1,1,0.745,0.663,-5.056,0.213,0.686,0.423,0.078,0.0
52,52,2024-02-29 00:00:00.939563,6tNQ70jh4OwmPGpYy6R2o9,https://api.spotify.com/v1/tracks/6tNQ70jh4OwmPGpYy6R2o9,Beautiful Things,Benson Boone,USA,audio_features,105.029,180304,3,10,1,0.472,0.471,-5.692,0.14,0.219,0.0603,0.151,0.0
53,57,2024-02-29 00:00:00.939563,6uTPdRrEDeH8Fyg5L5qmeU,https://api.spotify.com/v1/tracks/6uTPdRrEDeH8Fyg5L5qmeU,Never Lose Me,Flo Milli,USA,audio_features,121.964,125902,4,1,1,0.781,0.567,-7.857,0.0981,0.0743,0.0969,0.0504,0.0
54,68,2024-02-29 00:00:00.939563,1yeB8MUNeLo9Ek1UEpsyz6,https://api.spotify.com/v1/tracks/1yeB8MUNeLo9Ek1UEpsyz6,Rich Baby Daddy (feat. Sexyy Red & SZA),Drake,USA,audio_features,146.01,319192,4,2,1,0.645,0.729,-4.56,0.384,0.142,0.0528,0.0377,0.0
55,58,2024-02-29 00:00:00.939563,0R6NfOiLzLj4O5VbYSJAjf,https://api.spotify.com/v1/tracks/0R6NfOiLzLj4O5VbYSJAjf,La Diabla,Xavi,USA,audio_features,131.842,172264,3,11,0,0.751,0.819,-4.372,0.236,0.697,0.0409,0.255,0.0
56,59,2024-02-29 00:00:00.939563,3vkCueOmm7xQDoJ17W1Pm3,https://api.spotify.com/v1/tracks/3vkCueOmm7xQDoJ17W1Pm3,My Love Mine All Mine,Mitski,USA,audio_features,113.95,137773,4,9,1,0.504,0.308,-14.958,0.158,0.121,0.0321,0.868,0.135
57,56,2024-02-29 00:00:00.939563,4xhsWYTOGcal8zt0J161CU,https://api.spotify.com/v1/tracks/4xhsWYTOGcal8zt0J161CU,Lovin On Me,Jack Harlow,USA,audio_features,104.983,138411,4,2,1,0.943,0.558,-4.911,0.0937,0.606,0.0568,0.0026,2.19e-06
58,65,2024-02-09 01:07:35.065675,7CyPwkp0oE8Ro9Dd5CUDjW,https://api.spotify.com/v1/tracks/7CyPwkp0oE8Ro9Dd5CUDjW,"One Of The Girls (with JENNIE, Lily Rose Depp)",The Weeknd,USA,audio_features,87.51,244685,4,8,1,0.522,0.641,-6.287,0.162,0.202,0.0318,0.0545,0.0
59,48,2024-02-29 00:00:00.939563,1lyDrDkuV5HsD1vfmAxbPI,https://api.spotify.com/v1/tracks/1lyDrDkuV5HsD1vfmAxbPI,HAPPY BIRTHDAY,back number,Japan,audio_features,146.016,258600,4,11,1,0.484,0.618,-4.073,0.0782,0.557,0.0299,0.0714,0.0
60,70,2024-02-29 00:00:00.939563,6rjuKpPydT2SxN15TZpV7r,https://api.spotify.com/v1/tracks/6rjuKpPydT2SxN15TZpV7r,500lbs,Lil Tecca,USA,audio_features,122.986,144390,4,7,0,0.722,0.785,-5.451,0.119,0.529,0.0763,0.0942,0.0
61,47,2024-02-13 04:21:09.093594,6zjk7Qbwb9DZ4ykUUoqknh,https://api.spotify.com/v1/tracks/6zjk7Qbwb9DZ4ykUUoqknh,第ゼロ感,10-FEET,Japan,audio_features,150.082,286000,4,7,1,0.445,0.94,-4.16,0.32,0.349,0.175,2.77e-05,1.34e-05
62,71,2024-02-11 21:44:22.675424,4w2Furap0ZzaiK4J14E9sR,https://api.spotify.com/v1/tracks/4w2Furap0ZzaiK4J14E9sR,Think U The Shit (Fart),Ice Spice,USA,audio_features,122.101,141639,4,9,1,0.967,0.545,-6.647,0.0809,0.311,0.207,0.0403,0.000195
63,69,2024-02-11 21:44:22.675424,7gaA3wERFkFkgivjwbSvkG,https://api.spotify.com/v1/tracks/7gaA3wERFkFkgivjwbSvkG,"yes, and?",Ariana Grande,USA,audio_features,119.008,214994,4,1,1,0.788,0.758,-6.513,0.104,0.823,0.0505,0.198,8.5e-05
64,63,2024-02-29 00:00:00.939563,1udwFobQ1JoOdWPQrp2b6u,https://api.spotify.com/v1/tracks/1udwFobQ1JoOdWPQrp2b6u,Surround Sound (feat. 21 Savage & Baby Tate),JID,USA,audio_features,75.956,229938,4,5,1,0.575,0.56,-7.302,0.257,0.471,0.478,0.173,0.0
65,60,2024-02-29 00:00:00.939563,3rUGC1vUpkDG9CZFHMur1t,https://api.spotify.com/v1/tracks/3rUGC1vUpkDG9CZFHMur1t,greedy,Tate McRae,USA,audio_features,111.018,131872,1,6,0,0.75,0.733,-3.18,0.114,0.844,0.0319,0.256,0.0
66,44,2024-02-29 00:00:00.939563,1VoTe7qVyqyMNLgZpQeugO,https://api.spotify.com/v1/tracks/1VoTe7qVyqyMNLgZpQeugO,祝福,YOASOBI,Japan,audio_features,170.051,192400,4,4,0,0.543,0.965,-2.727,0.366,0.646,0.0905,0.0142,5.83e-05
67,40,2024-02-29 00:00:00.939563,1zd35Y44Blc1CwwVbW3Qnk,https://api.spotify.com/v1/tracks/1zd35Y44Blc1CwwVbW3Qnk,群青,YOASOBI,Japan,audio_features,134.991,248027,4,10,1,0.725,0.853,-3.193,0.115,0.707,0.0516,0.305,0.0
68,80,2024-02-02 12:50:27.538442,1a73gcEg6h6Re6hHXoVltJ,https://api.spotify.com/v1/tracks/1a73gcEg6h6Re6hHXoVltJ,FTCU,Nicki Minaj,USA,audio_features,144.995,172138,4,11,1,0.928,0.458,-6.751,0.118,0.242,0.187,0.0175,0.000446
69,81,2024-02-02 12:50:27.538442,2yUzr8Sr6ldG8vmHhZwTnz,https://api.spotify.com/v1/tracks/2yUzr8Sr6ldG8vmHhZwTnz,née-nah,21 Savage,USA,audio_features,165.423,220584,4,1,1,0.678,0.758,-6.524,0.57,0.318,0.227,0.00495,0.0
70,84,2024-02-02 12:50:27.538442,47Xj8eIAp7hYOOqArmkqZE,https://api.spotify.com/v1/tracks/47Xj8eIAp7hYOOqArmkqZE,Spin You Around (1/24),Morgan Wallen,USA,audio_features,141.947,209427,4,4,1,0.615,0.451,-6.019,0.113,0.658,0.0272,0.796,0.0
71,92,2024-02-02 12:50:27.538442,68mOSKT4uBkKddEAhlMO61,https://api.spotify.com/v1/tracks/68mOSKT4uBkKddEAhlMO61,Home,Good Neighbours,USA,audio_features,77.005,157486,4,6,1,0.573,0.636,-4.493,0.116,0.156,0.0301,0.0299,0.0998
72,94,2024-02-02 12:50:27.538442,4tKGFmENO69tZR9ahgZu48,https://api.spotify.com/v1/tracks/4tKGFmENO69tZR9ahgZu48,Murder On The Dancefloor,Sophie Ellis-Bextor,USA,audio_features,117.31,230013,4,1,0,0.73,0.849,-5.281,0.312,0.887,0.0299,0.00234,2.6e-05
73,82,2024-02-29 00:00:00.939563,2Zo1PcszsT9WQ0ANntJbID,https://api.spotify.com/v1/tracks/2Zo1PcszsT9WQ0ANntJbID,Feather,Sabrina Carpenter,USA,audio_features,123.51,185553,4,6,0,0.787,0.686,-4.37,0.0927,0.836,0.0339,0.0893,0.0
74,88,2024-02-29 00:00:00.939563,7aqfrAY2p9BUSiupwk3svU,https://api.spotify.com/v1/tracks/7aqfrAY2p9BUSiupwk3svU,First Person Shooter (feat. J. Cole),Drake,USA,audio_features,163.92,247444,4,2,1,0.47,0.64,-7.779,0.382,0.248,0.32,0.0277,0.0
75,2623,2024-02-29 00:00:00.939563,04CyMEHliadfQWMUJb1w99,https://api.spotify.com/v1/tracks/04CyMEHliadfQWMUJb1w99,BURN,¥$,USA,audio_features,105.003,111458,4,11,0,0.6,0.885,-6.21,0.856,0.736,0.393,0.0157,6.02e-06
76,2620,2024-02-29 00:00:00.939563,5NAOhPAZ57eFAXr3qatS6i,https://api.spotify.com/v1/tracks/5NAOhPAZ57eFAXr3qatS6i,Breathe,Yeat,USA,audio_features,118.064,170847,4,11,1,0.771,0.541,-13.0,0.105,0.106,0.0612,0.0275,0.881
77,73,2024-02-29 00:00:00.939563,69phA1R4gmQsBFRQ3INW8C,https://api.spotify.com/v1/tracks/69phA1R4gmQsBFRQ3INW8C,ONE CALL,Rich Amiri,USA,audio_features,158.105,121399,4,1,1,0.65,0.539,-7.281,0.114,0.253,0.0561,0.00617,2.67e-05
78,2624,2024-02-25 00:00:00.144106,6Qb7YsAqH4wWFUMbGsCpap,https://api.spotify.com/v1/tracks/6Qb7YsAqH4wWFUMbGsCpap,Training Season,Dua Lipa,USA,audio_features,123.03,209488,4,5,0,0.815,0.582,-4.5,0.138,0.671,0.0532,0.0365,1.45e-06
79,74,2024-02-29 00:00:00.939563,5XVdHRf4CAJ2Jm0uMIy5qY,https://api.spotify.com/v1/tracks/5XVdHRf4CAJ2Jm0uMIy5qY,La Víctima,Xavi,USA,audio_features,140.082,156346,4,11,0,0.778,0.835,-3.598,0.109,0.666,0.0767,0.152,0.0
80,2601,2024-02-29 00:00:00.939563,7AYmToZ5y67fBjq4RLFbuq,https://api.spotify.com/v1/tracks/7AYmToZ5y67fBjq4RLFbuq,TEXAS HOLD 'EM,Beyoncé,USA,audio_features,110.024,235636,4,2,1,0.725,0.709,-6.514,0.135,0.353,0.072,0.588,0.0
81,87,2024-02-27 00:00:00.923904,56y1jOTK0XSvJzVv9vHQBK,https://api.spotify.com/v1/tracks/56y1jOTK0XSvJzVv9vHQBK,Paint The Town Red,Doja Cat,USA,audio_features,99.974,230480,4,2,0,0.864,0.556,-7.683,0.112,0.726,0.194,0.255,3.85e-06
82,89,2024-02-10 17:43:36.864736,7KA4W4McWYRpgf0fWsJZWB,https://api.spotify.com/v1/tracks/7KA4W4McWYRpgf0fWsJZWB,See You Again (feat. Kali Uchis),"Tyler, The Creator",USA,audio_features,78.558,180387,4,6,1,0.558,0.559,-9.222,0.109,0.62,0.0959,0.371,7.49e-06
83,77,2024-02-29 00:00:00.939563,5PyDJG7SQRgWXefgexqIge,https://api.spotify.com/v1/tracks/5PyDJG7SQRgWXefgexqIge,Agora Hills,Doja Cat,USA,audio_features,123.01,265360,4,8,0,0.755,0.687,-6.247,0.125,0.381,0.101,0.183,0.000177
84,2629,2024-02-22 00:00:00.803823,1icgLGTpX2fQXKRe4D7w2b,https://api.spotify.com/v1/tracks/1icgLGTpX2fQXKRe4D7w2b,BACK TO ME,¥$,USA,audio_features,95.637,295472,4,1,1,0.809,0.788,-7.217,0.0625,0.344,0.0889,0.00108,0.0
85,98,2024-02-09 01:07:35.065675,4E63weMCaNZuGPEFMnuEi8,https://api.spotify.com/v1/tracks/4E63weMCaNZuGPEFMnuEi8,exes,Tate McRae,USA,audio_features,136.962,159401,4,5,0,0.821,0.575,-6.57,0.114,0.611,0.0589,0.173,0.000242
86,100,2024-02-29 00:00:00.939563,2Dct3GykKZ58hpWRFfe2Qd,https://api.spotify.com/v1/tracks/2Dct3GykKZ58hpWRFfe2Qd,Heading South,Zach Bryan,USA,audio_features,110.23,171693,4,4,1,0.68,0.246,-14.112,0.106,0.388,0.058,0.783,0.0
87,2643,2024-02-29 00:00:00.939563,3qhlB30KknSejmIvZZLjOD,https://api.spotify.com/v1/tracks/3qhlB30KknSejmIvZZLjOD,End of Beginning,Djo,USA,audio_features,159.982,159246,4,2,1,0.689,0.454,-7.643,0.0707,0.912,0.0584,0.0351,0.00259
88,85,2024-02-19 00:08:48.526464,4rXLjWdF2ZZpXCVTfWcshS,https://api.spotify.com/v1/tracks/4rXLjWdF2ZZpXCVTfWcshS,fukumean,Gunna,USA,audio_features,130.001,125040,4,1,0,0.847,0.622,-6.747,0.285,0.22,0.0903,0.119,0.0
89,91,2024-02-29 00:00:00.939563,1kuGVB7EU95pJObxwvfwKS,https://api.spotify.com/v1/tracks/1kuGVB7EU95pJObxwvfwKS,vampire,Olivia Rodrigo,USA,audio_features,138.005,219724,4,5,1,0.511,0.532,-5.745,0.291,0.35,0.0578,0.177,0.0
90,95,2024-02-29 00:00:00.939563,6dBUzqjtbnIa1TwYbyw5CM,https://api.spotify.com/v1/tracks/6dBUzqjtbnIa1TwYbyw5CM,Lovers Rock,TV Girl,USA,audio_features,104.97,213920,4,5,0,0.559,0.871,-5.338,0.096,0.572,0.0397,7.53e-06,0.00545
91,76,2024-02-29 00:00:00.939563,2YSzYUF3jWqb9YP9VXmpjE,https://api.spotify.com/v1/tracks/2YSzYUF3jWqb9YP9VXmpjE,IDGAF (feat. Yeat),Drake,USA,audio_features,136.952,260111,4,8,1,0.663,0.67,-8.399,0.205,0.138,0.271,0.0464,8.92e-05
92,90,2024-02-29 00:00:00.939563,0PAcdVzhPO4gq1Iym9ESnK,https://api.spotify.com/v1/tracks/0PAcdVzhPO4gq1Iym9ESnK,Thinkin’ Bout Me,Morgan Wallen,USA,audio_features,139.971,177388,4,3,0,0.656,0.757,-5.775,0.117,0.429,0.0308,0.492,0.0
93,83,2024-02-29 00:00:00.939563,3xKsf9qdS1CyvXSMEid6g8,https://api.spotify.com/v1/tracks/3xKsf9qdS1CyvXSMEid6g8,Pink + White,Frank Ocean,USA,audio_features,159.94,184516,3,9,1,0.545,0.545,-7.362,0.417,0.549,0.107,0.667,5.48e-05
94,72,2024-02-29 00:00:00.939563,6wsqVwoiVH2kde4k4KKAFU,https://api.spotify.com/v1/tracks/6wsqVwoiVH2kde4k4KKAFU,I KNOW ?,Travis Scott,USA,audio_features,117.995,211582,4,5,0,0.927,0.619,-4.441,0.104,0.817,0.0539,0.0186,0.0
95,2622,2024-02-29 00:00:00.939563,5tEaVciE2GnR28aN6W9cLS,https://api.spotify.com/v1/tracks/5tEaVciE2GnR28aN6W9cLS,FUK SUMN,¥$,USA,audio_features,142.084,209577,4,4,0,0.774,0.818,-2.825,0.0529,0.438,0.145,0.127,0.0
96,93,2024-02-29 00:00:00.939563,4EWCNWgDS8707fNSZ1oaA5,https://api.spotify.com/v1/tracks/4EWCNWgDS8707fNSZ1oaA5,Heartless,Kanye West,USA,audio_features,87.999,211000,4,10,0,0.79,0.647,-5.983,0.248,0.654,0.136,0.0515,0.0
97,86,2024-02-29 00:00:00.939563,68Dni7IE4VyPkTOH9mRWHr,https://api.spotify.com/v1/tracks/68Dni7IE4VyPkTOH9mRWHr,No Role Modelz,J. Cole,USA,audio_features,100.028,292799,4,10,0,0.69,0.521,-8.492,0.0534,0.494,0.339,0.324,0.0
98,78,2024-02-29 00:00:00.939563,4HMop4Re0iucehmF7mgV27,https://api.spotify.com/v1/tracks/4HMop4Re0iucehmF7mgV27,act ii: date @ 8,4batz,USA,audio_features,138.811,158537,4,5,0,0.718,0.417,-13.02,0.0748,0.749,0.0502,0.435,8.73e-05
99,97,2024-02-29 00:00:00.939563,4KW1lqgSr8TKrvBII0Brf8,https://api.spotify.com/v1/tracks/4KW1lqgSr8TKrvBII0Brf8,Father Stretch My Hands Pt. 1,Kanye West,USA,audio_features,113.088,135920,4,7,1,0.724,0.573,-4.113,0.538,0.438,0.0549,0.118,0.0
100,96,2024-02-29 00:00:00.939563,42VsgItocQwOQC3XWZ8JNA,https://api.spotify.com/v1/tracks/42VsgItocQwOQC3XWZ8JNA,FE!N (feat. Playboi Carti),Travis Scott,USA,audio_features,148.038,191701,4,3,0,0.569,0.882,-2.777,0.142,0.201,0.06,0.0316,0.0
101,75,2024-02-29 00:00:00.939563,7K3BhSpAxZBznislvUMVtn,https://api.spotify.com/v1/tracks/7K3BhSpAxZBznislvUMVtn,Last Night,Morgan Wallen,USA,audio_features,203.759,163855,4,6,1,0.492,0.675,-5.456,0.142,0.478,0.0389,0.467,0.0
102,2602,2024-02-29 00:00:00.939563,3w0w2T288dec0mgeZZqoNN,https://api.spotify.com/v1/tracks/3w0w2T288dec0mgeZZqoNN,CARNIVAL,¥$,USA,audio_features,148.144,264324,4,1,1,0.594,0.811,-5.746,0.339,0.311,0.159,0.189,0.0
103,4296,2024-02-27 00:00:00.923904,2UikqkwBv7aIvlixeVXHWt,https://api.spotify.com/v1/tracks/2UikqkwBv7aIvlixeVXHWt,You Should Probably Leave,Chris Stapleton,USA,audio_features,183.89,213493,4,9,1,0.602,0.477,-8.425,0.173,0.552,0.032,0.268,3.1e-05
104,4348,2024-02-27 00:00:00.923904,3upTB6o5YgeALHgDp3mzte,https://api.spotify.com/v1/tracks/3upTB6o5YgeALHgDp3mzte,Qué Onda Perdida,Grupo Firme,El Salvador,audio_features,109.732,239637,1,2,1,0.497,0.501,-4.141,0.377,0.669,0.03,0.305,0.0
105,3850,2024-02-29 00:00:00.939563,7DfFc7a6Rwfi3YQMRbDMau,https://api.spotify.com/v1/tracks/7DfFc7a6Rwfi3YQMRbDMau,Thinkin Bout You,Frank Ocean,USA,audio_features,129.83,200747,4,0,1,0.721,0.339,-11.195,0.0973,0.2,0.0532,0.409,0.00153
106,2648,2024-02-29 00:00:00.939563,5W4kiM2cUYBJXKRudNyxjW,https://api.spotify.com/v1/tracks/5W4kiM2cUYBJXKRudNyxjW,You Proof,Morgan Wallen,USA,audio_features,119.724,157478,4,9,1,0.732,0.839,-5.007,0.602,0.629,0.0345,0.265,0.0
107,3848,2024-02-29 00:00:00.939563,6me7F0aaZjwDo6RJ5MrfBD,https://api.spotify.com/v1/tracks/6me7F0aaZjwDo6RJ5MrfBD,Evergreen,Richy Mitch & The Coal Miners,USA,audio_features,79.109,87000,3,3,1,0.555,0.216,-11.661,0.109,0.504,0.0721,0.557,0.00416
108,2692,2024-02-29 00:00:00.939563,0TUW9faHNaBmi89wsYGp9y,https://api.spotify.com/v1/tracks/0TUW9faHNaBmi89wsYGp9y,Mamichula - con Nicki Nicole,Trueno,El Salvador,audio_features,91.985,219202,4,4,0,0.696,0.678,-5.893,0.134,0.346,0.0735,0.582,2.22e-06
109,2674,2024-02-29 00:00:00.939563,4UkUxO2WlKLc0Q1iEutGGh,https://api.spotify.com/v1/tracks/4UkUxO2WlKLc0Q1iEutGGh,CONTIGO (with Tiësto),KAROL G,El Salvador,audio_features,122.029,192787,4,5,1,0.846,0.545,-7.826,0.0989,0.268,0.0736,0.178,6.23e-06
110,404,2024-02-29 00:00:00.939563,5XVdHRf4CAJ2Jm0uMIy5qY,https://api.spotify.com/v1/tracks/5XVdHRf4CAJ2Jm0uMIy5qY,La Víctima,Xavi,El Salvador,audio_features,140.082,156346,4,11,0,0.778,0.835,-3.598,0.109,0.666,0.0767,0.152,0.0
111,403,2024-02-29 00:00:00.939563,7iQXYTyuG13aoeHxGG28Nh,https://api.spotify.com/v1/tracks/7iQXYTyuG13aoeHxGG28Nh,PERRO NEGRO,Bad Bunny,El Salvador,audio_features,96.057,162768,4,5,1,0.911,0.778,-2.248,0.179,0.345,0.262,0.0887,2.16e-05
112,409,2024-02-29 00:00:00.939563,7iUtQNMRB8ZkKC4AmEuCJC,https://api.spotify.com/v1/tracks/7iUtQNMRB8ZkKC4AmEuCJC,LA FALDA,Myke Towers,El Salvador,audio_features,103.008,174230,4,7,1,0.8,0.738,-4.26,0.19,0.267,0.0691,0.372,0.00877
113,406,2024-02-29 00:00:00.939563,5RqSsdzTNPX1uzkmlHCFvK,https://api.spotify.com/v1/tracks/5RqSsdzTNPX1uzkmlHCFvK,QLONA,KAROL G,El Salvador,audio_features,169.918,172798,4,7,0,0.841,0.738,-7.455,0.0892,0.484,0.307,0.52,0.0
114,238,2024-02-21 00:00:00.877991,1Qrg8KqiBpW07V7PNxwwwL,https://api.spotify.com/v1/tracks/1Qrg8KqiBpW07V7PNxwwwL,Kill Bill,SZA,USA,audio_features,88.98,153947,4,8,1,0.644,0.735,-5.747,0.161,0.418,0.0391,0.0521,0.144
115,405,2024-02-29 00:00:00.939563,4bw8mcDUSRWfQo63ZTYRnU,https://api.spotify.com/v1/tracks/4bw8mcDUSRWfQo63ZTYRnU,Según Quién,Maluma,El Salvador,audio_features,101.987,142335,3,9,1,0.909,0.762,-3.974,0.0856,0.843,0.0643,0.434,0.0
116,408,2024-02-29 00:00:00.939563,6uIIdjYTxxpWOyWuVXrKQO,https://api.spotify.com/v1/tracks/6uIIdjYTxxpWOyWuVXrKQO,Que Onda,Calle 24,El Salvador,audio_features,124.934,191467,3,10,0,0.808,0.944,-4.863,0.138,0.937,0.0408,0.183,1.11e-06
117,410,2024-02-29 00:00:00.939563,0O3U5iwTbiXCREMkvotJuN,https://api.spotify.com/v1/tracks/0O3U5iwTbiXCREMkvotJuN,EL AMOR DE SU VIDA,Grupo Frontera,El Salvador,audio_features,151.701,165848,4,9,1,0.616,0.834,-3.069,0.338,0.746,0.0664,0.06,0.0
118,407,2024-02-29 00:00:00.939563,05WVKTdZhlIMX4qqMLuo0f,https://api.spotify.com/v1/tracks/05WVKTdZhlIMX4qqMLuo0f,BELLAKEO,Peso Pluma,El Salvador,audio_features,180.011,197333,4,9,1,0.72,0.88,-2.834,0.153,0.463,0.101,0.0562,0.06
119,79,2024-02-29 00:00:00.939563,4iZ4pt7kvcaH6Yo8UoZ4s2,https://api.spotify.com/v1/tracks/4iZ4pt7kvcaH6Yo8UoZ4s2,Snooze,SZA,USA,audio_features,143.008,201800,4,5,1,0.559,0.551,-7.231,0.11,0.392,0.132,0.141,0.0
120,411,2024-02-29 00:00:00.939563,7JwdbqIpiuWvGbRryKSuBz,https://api.spotify.com/v1/tracks/7JwdbqIpiuWvGbRryKSuBz,Es un Secreto,Plan B,El Salvador,audio_features,94.989,190560,4,6,0,0.841,0.783,-4.915,0.0528,0.514,0.0432,0.106,2.49e-06
121,230,2024-02-29 00:00:00.939563,1Lo0QY9cvc8sUB2vnIOxDT,https://api.spotify.com/v1/tracks/1Lo0QY9cvc8sUB2vnIOxDT,Fast Car,Luke Combs,USA,audio_features,97.994,265493,4,8,1,0.712,0.603,-5.52,0.115,0.67,0.0262,0.186,0.0
122,222,2024-02-29 00:00:00.939563,7sTyAjxDXq9afwfSQy6D0s,https://api.spotify.com/v1/tracks/7sTyAjxDXq9afwfSQy6D0s,Bandit,Don Toliver,USA,audio_features,130.031,147744,4,1,1,0.671,0.615,-9.593,0.211,0.109,0.0955,0.00113,1.3e-06
123,414,2024-02-29 00:00:00.939563,6CvTEtGagmzQvkUzzyKR9k,https://api.spotify.com/v1/tracks/6CvTEtGagmzQvkUzzyKR9k,HARLEY QUINN,Fuerza Regida,El Salvador,audio_features,125.031,143327,4,1,1,0.815,0.741,-6.04,0.219,0.591,0.0569,0.0277,0.0183
124,215,2024-02-11 21:44:22.675424,4TJUS843fKiqqIzycM74Oy,https://api.spotify.com/v1/tracks/4TJUS843fKiqqIzycM74Oy,Should've Been A Cowboy,Toby Keith,USA,audio_features,133.439,211307,4,7,1,0.618,0.672,-7.92,0.214,0.705,0.0353,0.441,1.49e-06
125,415,2024-02-29 00:00:00.939563,7ABLbnD53cQK00mhcaOUVG,https://api.spotify.com/v1/tracks/7ABLbnD53cQK00mhcaOUVG,LALA,Myke Towers,El Salvador,audio_features,91.986,197920,4,1,1,0.708,0.737,-4.045,0.0955,0.607,0.0436,0.0739,0.00162
126,242,2024-02-29 00:00:00.939563,3h5TiWTqGxjSjFrbruPFH9,https://api.spotify.com/v1/tracks/3h5TiWTqGxjSjFrbruPFH9,Praise Jah In The Moonlight,YG Marley,USA,audio_features,125.023,263040,4,6,0,0.66,0.727,-4.028,0.524,0.418,0.0441,0.128,1.31e-05
127,412,2024-02-29 00:00:00.939563,6VciS3dRMpZhJiDxT8ArFi,https://api.spotify.com/v1/tracks/6VciS3dRMpZhJiDxT8ArFi,"Young Miko: Bzrp Music Sessions, Vol. 58",Bizarrap,El Salvador,audio_features,96.016,190000,4,7,0,0.704,0.571,-8.212,0.117,0.443,0.156,0.588,0.0
128,177,2024-02-29 00:00:00.939563,0OeTb9sIQTNq313HQHv9TM,https://api.spotify.com/v1/tracks/0OeTb9sIQTNq313HQHv9TM,春愁,Mrs. GREEN APPLE,Japan,audio_features,130.016,183800,4,10,1,0.719,0.436,-4.903,0.123,0.748,0.0401,0.0121,0.0
129,240,2024-02-29 00:00:00.939563,6dpLxbF7lfCAnC9QRTjNLK,https://api.spotify.com/v1/tracks/6dpLxbF7lfCAnC9QRTjNLK,Home,Good Neighbours,USA,audio_features,77.002,157486,4,6,1,0.583,0.676,-4.44,0.121,0.134,0.0298,0.0289,0.0634
130,67,2024-02-09 01:07:35.065675,6WzRpISELf3YglGAh7TXcG,https://api.spotify.com/v1/tracks/6WzRpISELf3YglGAh7TXcG,Popular (with Playboi Carti & Madonna) - From The Idol Vol. 1 (Music from the HBO Original Series),The Weeknd,USA,audio_features,99.029,215467,4,1,1,0.855,0.678,-6.276,0.412,0.852,0.189,0.0569,3.69e-05
131,231,2024-02-09 01:07:35.065675,0M7mWKqwTIaVjYyxfZmtTa,https://api.spotify.com/v1/tracks/0M7mWKqwTIaVjYyxfZmtTa,"Courtesy Of The Red, White And Blue (The Angry American)",Toby Keith,USA,audio_features,111.762,195533,4,2,1,0.424,0.661,-5.547,0.0719,0.384,0.0425,0.521,1.62e-06
132,237,2024-02-11 21:44:22.675424,7DSAEUvxU8FajXtRloy8M0,https://api.spotify.com/v1/tracks/7DSAEUvxU8FajXtRloy8M0,Flowers,Miley Cyrus,USA,audio_features,118.048,200600,4,0,1,0.706,0.691,-4.775,0.0232,0.632,0.0633,0.0584,6.99e-05
133,413,2024-02-29 00:00:00.939563,1hZsWUnLbqRw09jLAMQSsb,https://api.spotify.com/v1/tracks/1hZsWUnLbqRw09jLAMQSsb,CLASSY 101,Feid,El Salvador,audio_features,100.09,195587,4,11,1,0.858,0.665,-4.772,0.119,0.659,0.152,0.126,0.0
134,1,2024-02-29 00:00:00.939563,0kdqcbwei4MDWFEX5f33yG,https://api.spotify.com/v1/tracks/0kdqcbwei4MDWFEX5f33yG,Bling-Bang-Bang-Born,Creepy Nuts,Japan,audio_features,157.013,168136,4,6,0,0.853,0.822,-6.836,0.166,0.746,0.246,0.0841,0.00985
135,99,2024-02-11 21:44:22.675424,6wf7Yu7cxBSPrRlWeSeK0Q,https://api.spotify.com/v1/tracks/6wf7Yu7cxBSPrRlWeSeK0Q,"What Was I Made For? [From The Motion Picture ""Barbie""]",Billie Eilish,USA,audio_features,78.403,222370,4,0,1,0.444,0.0911,-17.665,0.098,0.142,0.0307,0.959,1.05e-06
136,402,2024-02-29 00:00:00.939563,7bywjHOc0wSjGGbj04XbVi,https://api.spotify.com/v1/tracks/7bywjHOc0wSjGGbj04XbVi,LUNA,Feid,El Salvador,audio_features,100.019,196800,4,7,0,0.774,0.86,-2.888,0.116,0.446,0.13,0.131,0.0
137,248,2024-02-09 01:07:35.065675,7G6l2FtQyRhQgYgut2I6i8,https://api.spotify.com/v1/tracks/7G6l2FtQyRhQgYgut2I6i8,As Good As I Once Was,Toby Keith,USA,audio_features,119.075,227840,4,5,1,0.68,0.87,-4.461,0.109,0.646,0.0393,0.266,0.0
138,199,2024-02-29 00:00:00.939563,4dmruTsdHIOjfOIeaFitXK,https://api.spotify.com/v1/tracks/4dmruTsdHIOjfOIeaFitXK,幾億光年,Omoinotake,Japan,audio_features,95.607,276918,4,6,1,0.558,0.79,-4.372,0.224,0.543,0.0411,0.0138,0.0
139,401,2024-02-29 00:00:00.939563,0R6NfOiLzLj4O5VbYSJAjf,https://api.spotify.com/v1/tracks/0R6NfOiLzLj4O5VbYSJAjf,La Diabla,Xavi,El Salvador,audio_features,131.842,172264,3,11,0,0.751,0.819,-4.372,0.236,0.697,0.0409,0.255,0.0
140,3,2024-02-29 00:00:00.939563,7sditHCsoFw3nHnjFv1BHV,https://api.spotify.com/v1/tracks/7sditHCsoFw3nHnjFv1BHV,ナハトムジーク,Mrs. GREEN APPLE,Japan,audio_features,146.354,262984,4,8,1,0.479,0.641,-5.31,0.0666,0.275,0.0415,0.0896,0.0
141,156,2024-02-29 00:00:00.939563,7o0TPSw494RG2Q4iWmd1v6,https://api.spotify.com/v1/tracks/7o0TPSw494RG2Q4iWmd1v6,唱,Ado,Japan,audio_features,132.054,189773,4,10,0,0.616,0.975,-0.425,0.143,0.742,0.208,0.172,1.62e-06
142,37,2024-02-29 00:00:00.939563,5m21ZR5lO6U0tp9KENxuCc,https://api.spotify.com/v1/tracks/5m21ZR5lO6U0tp9KENxuCc,I'm a mess,MY FIRST STORY,Japan,audio_features,130.059,251333,4,6,0,0.485,0.946,-3.721,0.289,0.621,0.11,0.0068,0.0
143,424,2024-02-29 00:00:00.939563,4GvEuYAfJlICR2SpMDaBxQ,https://api.spotify.com/v1/tracks/4GvEuYAfJlICR2SpMDaBxQ,ANDO,Jere Klein,El Salvador,audio_features,98.015,172768,4,8,0,0.869,0.568,-8.648,0.0778,0.35,0.0729,0.0023,0.00177
144,428,2024-02-29 00:00:00.939563,7yIIeKUxTpn36X6CFJhgEi,https://api.spotify.com/v1/tracks/7yIIeKUxTpn36X6CFJhgEi,Reggaeton Champagne,Bellakath,El Salvador,audio_features,101.032,155965,4,11,0,0.795,0.678,-7.905,0.072,0.788,0.0586,0.0398,0.35
145,449,2024-02-09 01:07:35.065675,7CyPwkp0oE8Ro9Dd5CUDjW,https://api.spotify.com/v1/tracks/7CyPwkp0oE8Ro9Dd5CUDjW,"One Of The Girls (with JENNIE, Lily Rose Depp)",The Weeknd,El Salvador,audio_features,87.51,244685,4,8,1,0.522,0.641,-6.287,0.162,0.202,0.0318,0.0545,0.0
146,446,2024-02-24 00:00:01.021481,2UW7JaomAMuX9pZrjVpHAU,https://api.spotify.com/v1/tracks/2UW7JaomAMuX9pZrjVpHAU,La Bebe - Remix,Yng Lvcas,El Salvador,audio_features,169.922,234353,4,2,0,0.812,0.479,-5.678,0.0756,0.559,0.333,0.213,1.21e-06
147,445,2024-02-29 00:00:00.939563,0fea68AdmYNygeTGI4RC18,https://api.spotify.com/v1/tracks/0fea68AdmYNygeTGI4RC18,LA CANCIÓN,J Balvin,El Salvador,audio_features,176.089,242573,4,7,1,0.754,0.646,-5.795,0.108,0.429,0.317,0.152,1.85e-05
148,433,2024-02-29 00:00:00.939563,6ED7qim1NAX1HjNU8039WS,https://api.spotify.com/v1/tracks/6ED7qim1NAX1HjNU8039WS,Alucin,Eugenio Esquivel,El Salvador,audio_features,128.0,197114,4,7,0,0.787,0.769,-4.681,0.115,0.509,0.0335,0.00331,0.00332
149,431,2024-02-29 00:00:00.939563,7mXuWTczZNxG5EDcjFEuJR,https://api.spotify.com/v1/tracks/7mXuWTczZNxG5EDcjFEuJR,LADY GAGA,Peso Pluma,El Salvador,audio_features,140.098,212878,3,5,0,0.646,0.736,-7.118,0.415,0.873,0.0449,0.216,0.0
150,427,2024-02-29 00:00:00.939563,4MjDJD8cW7iVeWInc2Bdyj,https://api.spotify.com/v1/tracks/4MjDJD8cW7iVeWInc2Bdyj,MONACO,Bad Bunny,El Salvador,audio_features,139.056,267194,4,4,0,0.787,0.621,-5.009,0.58,0.13,0.068,0.15,0.000402
151,438,2024-02-29 00:00:00.939563,3nNmRE0DxHC6ZaKkrpUumS,https://api.spotify.com/v1/tracks/3nNmRE0DxHC6ZaKkrpUumS,FINA,Bad Bunny,El Salvador,audio_features,94.601,216328,4,1,1,0.847,0.724,-5.41,0.118,0.396,0.298,0.0869,1.11e-06
152,425,2024-02-29 00:00:00.939563,5YJ4BVvTFmVCxUyhKejHfR,https://api.spotify.com/v1/tracks/5YJ4BVvTFmVCxUyhKejHfR,Pa' Que Retozen,Tego Calderón,El Salvador,audio_features,91.995,151667,4,1,0,0.815,0.856,-3.825,0.244,0.872,0.122,0.4,8.34e-05
153,437,2024-02-29 00:00:00.939563,2ctjDCCg1wHoQSjIJ8p6U4,https://api.spotify.com/v1/tracks/2ctjDCCg1wHoQSjIJ8p6U4,Candy,Plan B,El Salvador,audio_features,95.981,207627,4,11,0,0.897,0.864,-3.735,0.517,0.542,0.147,0.252,0.0
154,440,2024-02-26 00:00:00.868043,5jt25aFjW2kNoBqaEVaz5W,https://api.spotify.com/v1/tracks/5jt25aFjW2kNoBqaEVaz5W,LA INOCENTE,Mora,El Salvador,audio_features,91.911,202174,4,5,0,0.757,0.789,-3.46,0.0717,0.464,0.0583,0.307,0.0
155,450,2024-02-13 04:21:09.093594,39L3LdlHS3gqB62HPWaJRg,https://api.spotify.com/v1/tracks/39L3LdlHS3gqB62HPWaJRg,NO ME QUIERO CASAR,Bad Bunny,El Salvador,audio_features,99.011,225655,4,1,1,0.914,0.698,-5.228,0.083,0.757,0.115,0.32,8.76e-06
156,435,2024-02-29 00:00:00.939563,0T2pB7P1VdXPhLdQZ488uH,https://api.spotify.com/v1/tracks/0T2pB7P1VdXPhLdQZ488uH,Normal,Feid,El Salvador,audio_features,170.082,171880,4,4,0,0.709,0.56,-4.867,0.315,0.541,0.171,0.034,0.0
157,419,2024-02-29 00:00:00.939563,2CeKVsFFXG4QzA415QygGb,https://api.spotify.com/v1/tracks/2CeKVsFFXG4QzA415QygGb,Feliz Cumpleaños Ferxxo,Feid,El Salvador,audio_features,94.999,155960,4,5,1,0.865,0.573,-5.501,0.305,0.563,0.0678,0.0863,0.0
158,429,2024-02-29 00:00:00.939563,6Sq7ltF9Qa7SNFBsV5Cogx,https://api.spotify.com/v1/tracks/6Sq7ltF9Qa7SNFBsV5Cogx,Me Porto Bonito,Bad Bunny,El Salvador,audio_features,92.005,178567,4,1,0,0.911,0.712,-5.105,0.0933,0.425,0.0817,0.0901,2.68e-05
159,3200,2024-02-29 00:00:00.939563,6M6ZNRplLNspFEn6Ab3mOv,https://api.spotify.com/v1/tracks/6M6ZNRplLNspFEn6Ab3mOv,オレンジ,SPYAIR,Japan,audio_features,100.267,235200,4,2,1,0.402,0.878,-4.367,0.173,0.358,0.0846,0.000242,0.0
160,436,2024-02-29 00:00:00.939563,0WKd91LoIHCFIhDmgewjhy,https://api.spotify.com/v1/tracks/0WKd91LoIHCFIhDmgewjhy,Solos,Tony Dize,El Salvador,audio_features,83.962,188827,4,9,0,0.73,0.706,-5.274,0.361,0.935,0.0802,0.518,0.0
161,421,2024-02-29 00:00:00.939563,3QQAeMQbbjZXVFbF8DgFWT,https://api.spotify.com/v1/tracks/3QQAeMQbbjZXVFbF8DgFWT,FIRST LOVE,Oscar Ortiz,El Salvador,audio_features,73.929,169440,4,2,1,0.694,0.588,-6.24,0.299,0.794,0.0565,0.358,0.0
162,434,2024-02-29 00:00:00.939563,3Ua0m0YmEjrMi9XErKcNiR,https://api.spotify.com/v1/tracks/3Ua0m0YmEjrMi9XErKcNiR,Like Crazy,Jimin,El Salvador,audio_features,120.001,212241,4,7,1,0.629,0.733,-5.445,0.357,0.362,0.0419,0.0025,0.0
163,423,2024-02-29 00:00:00.939563,2kz1YOhJiNubjigR1gB1VX,https://api.spotify.com/v1/tracks/2kz1YOhJiNubjigR1gB1VX,DILUVIO,Rauw Alejandro,El Salvador,audio_features,94.969,197053,4,9,0,0.845,0.795,-3.502,0.224,0.681,0.0681,0.343,1.78e-05
164,441,2024-02-29 00:00:00.939563,4loIMejzvt11s97SGVEat8,https://api.spotify.com/v1/tracks/4loIMejzvt11s97SGVEat8,Poco A Poco,Xavi,El Salvador,audio_features,140.282,156040,3,4,0,0.779,0.88,-2.212,0.0691,0.732,0.065,0.426,0.0
165,3240,2024-02-29 00:00:00.939563,57wp7VFnV8X0pSVnYArGeJ,https://api.spotify.com/v1/tracks/57wp7VFnV8X0pSVnYArGeJ,Whatever She Wants,Bryson Tiller,USA,audio_features,96.028,161342,4,9,0,0.82,0.487,-7.358,0.0803,0.431,0.0959,0.102,0.0
166,443,2024-02-29 00:00:00.939563,69Ej1xrGjOcHvIMtMKxK0G,https://api.spotify.com/v1/tracks/69Ej1xrGjOcHvIMtMKxK0G,Dile,Don Omar,El Salvador,audio_features,94.001,204600,4,4,0,0.817,0.714,-7.501,0.042,0.714,0.141,0.184,0.000132
167,439,2024-02-29 00:00:00.939563,3tt9i3Hhzq84dPS8H7iSiJ,https://api.spotify.com/v1/tracks/3tt9i3Hhzq84dPS8H7iSiJ,La Bachata,Manuel Turizo,El Salvador,audio_features,124.98,162638,4,7,0,0.835,0.679,-5.329,0.218,0.85,0.0364,0.583,1.98e-06
168,426,2024-02-29 00:00:00.939563,1zsPaEkglFvxjAhrM8yhpr,https://api.spotify.com/v1/tracks/1zsPaEkglFvxjAhrM8yhpr,Hey Mor,Ozuna,El Salvador,audio_features,98.002,196600,4,1,0,0.901,0.589,-6.713,0.0992,0.399,0.289,0.00302,0.000237
169,444,2024-02-29 00:00:00.939563,2hn2zOA2XFlv6DSmesylrL,https://api.spotify.com/v1/tracks/2hn2zOA2XFlv6DSmesylrL,QUEMA,Ryan Castro,El Salvador,audio_features,97.008,150619,4,0,1,0.791,0.892,-2.58,0.0609,0.916,0.0521,0.0509,0.000355
170,430,2024-02-29 00:00:00.939563,54zcJnb3tp9c5OVKREZ1Is,https://api.spotify.com/v1/tracks/54zcJnb3tp9c5OVKREZ1Is,MI EX TENÍA RAZÓN,KAROL G,El Salvador,audio_features,159.845,154375,4,5,0,0.634,0.725,-4.945,0.211,0.795,0.0587,0.0776,0.0
171,442,2024-02-29 00:00:00.939563,7JbMsR4rZh6J77LNafur8U,https://api.spotify.com/v1/tracks/7JbMsR4rZh6J77LNafur8U,¿por Que Te Demoras?,Plan B,El Salvador,audio_features,96.018,190493,4,2,0,0.895,0.792,-5.923,0.0547,0.941,0.0769,0.0386,0.0
172,448,2024-02-25 00:00:00.144106,0CYTGMBYkwUxrj1MWDLrC5,https://api.spotify.com/v1/tracks/0CYTGMBYkwUxrj1MWDLrC5,CHORRITO PA LAS ANIMAS,Feid,El Salvador,audio_features,95.975,168133,4,8,0,0.743,0.831,-4.042,0.35,0.609,0.0584,0.114,6.43e-05
173,432,2024-02-29 00:00:00.939563,5HR7yfhSCeoOHRQN05XnZQ,https://api.spotify.com/v1/tracks/5HR7yfhSCeoOHRQN05XnZQ,QUE VUELVAS,Grupo Frontera,El Salvador,audio_features,162.542,169419,4,10,1,0.497,0.644,-4.309,0.114,0.779,0.0443,0.188,0.0
174,420,2024-02-29 00:00:00.939563,6XbtvPmIpyCbjuT0e8cQtp,https://api.spotify.com/v1/tracks/6XbtvPmIpyCbjuT0e8cQtp,Columbia,Quevedo,El Salvador,audio_features,100.02,186000,4,5,1,0.668,0.712,-5.927,0.108,0.264,0.0381,0.369,2.13e-05
175,417,2024-02-29 00:00:00.939563,25OeKzcqakFPaJlXHPE5lm,https://api.spotify.com/v1/tracks/25OeKzcqakFPaJlXHPE5lm,Primera Cita,Carin Leon,El Salvador,audio_features,157.795,186456,3,10,1,0.535,0.395,-7.805,0.0969,0.488,0.0634,0.597,6.78e-05
176,528,2024-02-10 17:43:36.864736,2lJn77IeZAP9cmv6DPXOrL,https://api.spotify.com/v1/tracks/2lJn77IeZAP9cmv6DPXOrL,Deeper Well,Kacey Musgraves,USA,audio_features,110.598,232133,4,0,1,0.509,0.518,-7.843,0.173,0.365,0.0279,0.511,0.0
177,533,2024-02-10 17:43:36.864736,6J4rRj2uVfziGMyfrPEPLo,https://api.spotify.com/v1/tracks/6J4rRj2uVfziGMyfrPEPLo,Talking / Once Again,¥$,USA,audio_features,148.741,185111,4,9,1,0.463,0.453,-9.572,0.207,0.334,0.16,0.407,1.78e-06
178,541,2024-02-10 17:43:36.864736,0caJ2wkqp4UmXBwdR2JvB5,https://api.spotify.com/v1/tracks/0caJ2wkqp4UmXBwdR2JvB5,Dial Drunk,Noah Kahan,USA,audio_features,112.02,213817,4,8,1,0.693,0.595,-7.578,0.113,0.646,0.0311,0.0969,0.0
179,750,2024-02-29 00:00:00.939563,4NoOME4Dhf4xgxbHDT7VGe,https://api.spotify.com/v1/tracks/4NoOME4Dhf4xgxbHDT7VGe,X SI VOLVEMOS,KAROL G,El Salvador,audio_features,178.003,200120,4,1,0,0.794,0.807,-3.447,0.104,0.575,0.326,0.334,0.0
180,4497,2024-02-29 00:00:00.939563,4gJfPoMIcSDGY0tMGxm6Fu,https://api.spotify.com/v1/tracks/4gJfPoMIcSDGY0tMGxm6Fu,OKI DOKI,KAROL G,El Salvador,audio_features,106.015,143790,4,2,0,0.843,0.728,-4.207,0.313,0.581,0.0552,0.202,0.000219
181,520,2024-02-29 00:00:00.939563,1VNWdmXSbaNrnWod10WIL0,https://api.spotify.com/v1/tracks/1VNWdmXSbaNrnWod10WIL0,"One Of The Girls (with JENNIE, Lily Rose Depp)",The Weeknd,USA,audio_features,87.521,244685,4,8,1,0.531,0.652,-6.249,0.162,0.179,0.0325,0.0524,1.39e-06
182,806,2024-02-13 04:21:09.093594,4E3XDKil4ElJt6sXuz5cc6,https://api.spotify.com/v1/tracks/4E3XDKil4ElJt6sXuz5cc6,BURN,Kanye West,USA,audio_features,105.017,111458,4,4,0,0.594,0.885,-6.21,0.856,0.735,0.394,0.0158,6.29e-06
183,656,2024-02-13 04:21:09.093594,3qnbLYCLzKvGIQXFyopS2H,https://api.spotify.com/v1/tracks/3qnbLYCLzKvGIQXFyopS2H,TALKING,Kanye West,USA,audio_features,148.383,185111,4,9,1,0.47,0.454,-9.567,0.207,0.34,0.135,0.417,1.74e-06
184,749,2024-02-11 21:44:22.675424,0DWdj2oZMBFSzRsi2Cvfzf,https://api.spotify.com/v1/tracks/0DWdj2oZMBFSzRsi2Cvfzf,TQG,KAROL G,El Salvador,audio_features,179.974,199440,4,4,0,0.72,0.63,-3.547,0.0936,0.607,0.277,0.673,0.0
185,692,2024-02-13 04:21:09.093594,1tz4np70ZKhzaXjdgl0J8i,https://api.spotify.com/v1/tracks/1tz4np70ZKhzaXjdgl0J8i,PAID,Kanye West,USA,audio_features,120.162,195118,4,10,0,0.79,0.691,-6.992,0.296,0.436,0.221,0.11,0.0
186,422,2024-02-29 00:00:00.939563,505v13epFXodT9fVAJ6h8k,https://api.spotify.com/v1/tracks/505v13epFXodT9fVAJ6h8k,AMARGURA,KAROL G,El Salvador,audio_features,106.966,170480,4,6,0,0.92,0.696,-3.356,0.149,0.545,0.0742,0.183,0.0
187,416,2024-02-29 00:00:00.939563,2yzshFeBIwH8tWIqHEFLeD,https://api.spotify.com/v1/tracks/2yzshFeBIwH8tWIqHEFLeD,un x100to,Grupo Frontera,El Salvador,audio_features,83.827,194563,4,9,1,0.571,0.72,-4.089,0.271,0.542,0.0458,0.213,0.0
188,595,2024-02-29 00:00:00.939563,5Eax0qFko2dh7Rl2lYs3bx,https://api.spotify.com/v1/tracks/5Eax0qFko2dh7Rl2lYs3bx,Efecto,Bad Bunny,El Salvador,audio_features,98.047,213061,4,7,0,0.801,0.475,-8.797,0.0639,0.234,0.0516,0.141,1.73e-05
189,447,2024-02-29 00:00:00.939563,35wvL50xvKpCHEJPxLOLPI,https://api.spotify.com/v1/tracks/35wvL50xvKpCHEJPxLOLPI,Si Estuviésemos Juntos,Bad Bunny,El Salvador,audio_features,171.854,169248,4,1,0,0.672,0.594,-6.813,0.152,0.158,0.0789,0.0626,5.14e-05
190,600,2024-02-27 00:00:00.923904,32hCeeK3ayPux4UauNPsgA,https://api.spotify.com/v1/tracks/32hCeeK3ayPux4UauNPsgA,ALV,Arcángel,El Salvador,audio_features,93.051,160040,4,11,0,0.777,0.65,-4.156,0.116,0.401,0.213,0.128,0.0
191,418,2024-02-29 00:00:00.939563,6XaJfhwof7qIgbbXO5tIQI,https://api.spotify.com/v1/tracks/6XaJfhwof7qIgbbXO5tIQI,Igual Que Un Ángel (with Peso Pluma),Kali Uchis,El Salvador,audio_features,107.999,260371,4,5,0,0.685,0.61,-5.36,0.183,0.464,0.0343,0.00348,0.00054
192,682,2024-02-13 04:21:09.093594,3aZSvXuZt8ymQeixzFQM9W,https://api.spotify.com/v1/tracks/3aZSvXuZt8ymQeixzFQM9W,KEYS TO MY LIFE,Kanye West,USA,audio_features,80.441,174083,4,11,0,0.487,0.553,-8.938,0.115,0.623,0.645,0.133,0.0
193,811,2024-02-13 04:21:09.093594,4YSa8VQxjzsski1DOsvkHH,https://api.spotify.com/v1/tracks/4YSa8VQxjzsski1DOsvkHH,DO IT,Kanye West,USA,audio_features,107.016,225000,4,1,1,0.83,0.69,-5.87,0.0795,0.622,0.0831,0.188,0.0
194,816,2024-02-13 04:21:09.093594,3IoAMvGFYzM05B64h7qmdf,https://api.spotify.com/v1/tracks/3IoAMvGFYzM05B64h7qmdf,PAPERWORK,Kanye West,USA,audio_features,120.811,145785,4,8,1,0.742,0.488,-5.308,0.0821,0.186,0.0551,0.0704,9.4e-06
195,817,2024-02-13 04:21:09.093594,4202KkXGtULRsbRocWSw09,https://api.spotify.com/v1/tracks/4202KkXGtULRsbRocWSw09,VULTURES,Kanye West,USA,audio_features,146.07,276987,4,1,0,0.703,0.683,-4.256,0.141,0.475,0.209,0.053,0.0
196,503,2024-02-13 04:21:09.093594,0FlwhvrncUKrEAhzunmCKm,https://api.spotify.com/v1/tracks/0FlwhvrncUKrEAhzunmCKm,Forever,Noah Kahan,USA,audio_features,94.78,268354,4,0,1,0.395,0.254,-10.855,0.122,0.235,0.037,0.723,0.0
197,530,2024-02-27 00:00:00.923904,7GUhiAHLoVy1V8ucQuZ3CB,https://api.spotify.com/v1/tracks/7GUhiAHLoVy1V8ucQuZ3CB,Popular (with Playboi Carti & Madonna),The Weeknd,USA,audio_features,99.018,215467,4,1,1,0.854,0.668,-6.243,0.382,0.833,0.2,0.0604,8.39e-05
198,671,2024-02-13 04:21:09.093594,4m4BHvDfzIgj5LbQLuFiIp,https://api.spotify.com/v1/tracks/4m4BHvDfzIgj5LbQLuFiIp,CARNIVAL,Kanye West,USA,audio_features,148.241,264324,4,1,1,0.596,0.81,-5.745,0.338,0.29,0.152,0.192,0.0
199,700,2024-02-13 04:21:09.093594,5rlXuCLnMdfo85079qXHoz,https://api.spotify.com/v1/tracks/5rlXuCLnMdfo85079qXHoz,FUK SUMN,Kanye West,USA,audio_features,142.092,209577,4,4,0,0.775,0.817,-2.825,0.053,0.463,0.147,0.132,0.0
200,688,2024-02-13 04:21:09.093594,0Tgm7wkLb0AfAHAZDschvD,https://api.spotify.com/v1/tracks/0Tgm7wkLb0AfAHAZDschvD,BACK TO ME,Kanye West,USA,audio_features,95.66,295472,4,1,1,0.815,0.788,-7.216,0.0613,0.336,0.0884,0.00104,0.0
201,667,2024-02-13 04:21:09.093594,6OON4kMjTFqARMFrRbmlwy,https://api.spotify.com/v1/tracks/6OON4kMjTFqARMFrRbmlwy,STARS,Kanye West,USA,audio_features,125.991,115238,4,0,0,0.584,0.567,-8.272,0.118,0.266,0.0436,0.258,0.121
202,3953,2024-02-29 00:00:00.939563,1bjeWoagtHmUKputLVyDxQ,https://api.spotify.com/v1/tracks/1bjeWoagtHmUKputLVyDxQ,Saturn,SZA,USA,audio_features,177.937,186192,4,1,1,0.411,0.619,-6.834,0.11,0.337,0.0368,0.62,0.0
203,823,2024-02-20 00:00:00.680989,5rb9QrpfcKFHM1EUbSIurX,https://api.spotify.com/v1/tracks/5rb9QrpfcKFHM1EUbSIurX,Yeah! (feat. Lil Jon & Ludacris),USHER,USA,audio_features,105.018,250373,4,2,1,0.894,0.791,-4.699,0.0388,0.583,0.112,0.0183,0.0
204,3600,2024-02-23 00:00:00.544986,1LiN0Z98FkR1t0m8KmLcAH,https://api.spotify.com/v1/tracks/1LiN0Z98FkR1t0m8KmLcAH,Amanece,Anuel AA,El Salvador,audio_features,94.039,190005,4,8,0,0.79,0.631,-5.549,0.158,0.889,0.0425,0.437,0.0
205,4200,2024-02-26 00:00:00.868043,3k3NWokhRRkEPhCzPmV8TW,https://api.spotify.com/v1/tracks/3k3NWokhRRkEPhCzPmV8TW,Ojitos Lindos,Bad Bunny,El Salvador,audio_features,79.928,258299,4,3,0,0.647,0.686,-5.745,0.528,0.268,0.0413,0.08,1.34e-06
206,3499,2024-02-29 00:00:00.939563,2O4Bb2WCkjlTPO827OnBMI,https://api.spotify.com/v1/tracks/2O4Bb2WCkjlTPO827OnBMI,EASY,LE SSERAFIM,Japan,audio_features,165.004,164545,4,0,1,0.744,0.7,-5.154,0.114,0.602,0.0507,0.189,2.74e-06
207,818,2024-02-13 04:21:09.093594,71MzcOebEC5KoWBbzvFPkj,https://api.spotify.com/v1/tracks/71MzcOebEC5KoWBbzvFPkj,HOODRAT,Kanye West,USA,audio_features,87.719,222982,4,11,0,0.538,0.514,-6.568,0.172,0.248,0.0348,0.0631,0.0
208,821,2024-02-13 04:21:09.093594,7DPUuTaTZCtQ6o4Xx00qzT,https://api.spotify.com/v1/tracks/7DPUuTaTZCtQ6o4Xx00qzT,BEG FORGIVENESS,Kanye West,USA,audio_features,105.303,368740,1,1,0,0.498,0.275,-10.626,0.168,0.0432,0.0584,0.188,0.00196
209,827,2024-02-13 04:21:09.093594,1ty0at2tUKqMGTyYbJ43eL,https://api.spotify.com/v1/tracks/1ty0at2tUKqMGTyYbJ43eL,PROBLEMATIC,Kanye West,USA,audio_features,154.8,194713,4,4,0,0.459,0.847,-1.924,0.357,0.763,0.0715,0.721,0.0
210,829,2024-02-13 04:21:09.093594,6soQZdONN0ZsQ9hZ6Pkef4,https://api.spotify.com/v1/tracks/6soQZdONN0ZsQ9hZ6Pkef4,GOOD (DON'T DIE),Kanye West,USA,audio_features,130.072,199440,4,5,1,0.545,0.528,-12.355,0.11,0.546,0.0581,0.784,0.798
211,836,2024-02-13 04:21:09.093594,3jAI9AAHIlyKito0eQme91,https://api.spotify.com/v1/tracks/3jAI9AAHIlyKito0eQme91,KING,Kanye West,USA,audio_features,153.082,156863,4,11,0,0.508,0.963,-6.508,0.199,0.48,0.0873,0.0032,0.000545
212,837,2024-02-13 04:21:09.093594,4356Typ82hUiFAynbLYbPn,https://api.spotify.com/v1/tracks/4356Typ82hUiFAynbLYbPn,DJ Got Us Fallin' In Love (feat. Pitbull),USHER,USA,audio_features,119.963,220800,4,7,0,0.663,0.861,-3.398,0.082,0.654,0.109,0.0338,0.0
